{
	"credit": "Made with Blockbench",
	"textures": {
		"0": "drugs/crackpipehead",
		"1": "drugs/crackpipefinger",
		"particle": "drugs/crackpipehead"
	},
	"elements": [
		{
			"from": [6, 0, 6],
			"to": [10, 4, 10],
			"rotation": {"angle": 0, "axis": "y", "origin": [8, 0, 8]},
			"faces": {
				"north": {"uv": [0, 0, 4, 4], "texture": "#0"},
				"east": {"uv": [0, 4, 4, 8], "texture": "#0"},
				"south": {"uv": [4, 0, 8, 4], "texture": "#0"},
				"west": {"uv": [4, 4, 8, 8], "texture": "#0"},
				"up": {"uv": [4, 12, 0, 8], "texture": "#0"},
				"down": {"uv": [12, 0, 8, 4], "texture": "#0"}
			}
		},
		{
			"from": [7, 4, 7],
			"to": [9, 9, 9],
			"rotation": {"angle": 0, "axis": "y", "origin": [7, 2, 7]},
			"faces": {
				"north": {"uv": [0, 0, 2, 5], "texture": "#1"},
				"east": {"uv": [2, 0, 4, 5], "texture": "#1"},
				"south": {"uv": [4, 0, 6, 5], "texture": "#1"},
				"west": {"uv": [0, 5, 2, 10], "texture": "#1"},
				"up": {"uv": [4, 7, 2, 5], "texture": "#1"},
				"down": {"uv": [6, 5, 4, 7], "texture": "#1"}
			}
		}
	],
	"display": {
		"thirdperson_righthand": {
			"rotation": [0, -116, 0],
			"translation": [0, 2, 0],
			"scale": [1.1, 1.1, 1.1]
		},
		"thirdperson_lefthand": {
			"rotation": [0, 68, 0],
			"translation": [0, 2, 0],
			"scale": [1.1, 1.1, 1.1]
		},
		"firstperson_righthand": {
			"rotation": [25, 20, 0],
			"translation": [3, 6.25, 1]
		},
		"firstperson_lefthand": {
			"rotation": [25, -140, 0],
			"translation": [3, 6.25, 1]
		},
		"ground": {
			"rotation": [0, 0, -22],
			"translation": [6, 4.5, 0]
		},
		"gui": {
			"rotation": [33, 119, -41],
			"translation": [-2, 5.25, 0],
			"scale": [1.5, 1.5, 1.5]
		},
		"fixed": {
			"rotation": [0, -30, 0],
			"translation": [0, 3, 0]
		}
	}
}