{
	"credit": "Made with Blockbench",
	"elements": [
		{
			"from": [7, 0, 7],
			"to": [7, 0, 7],
			"rotation": {"angle": 0, "axis": "y", "origin": [8, 0, 8]},
			"color": 2,
			"faces": {
				"north": {"uv": [0, 0, 0, 0], "texture": "#missing"},
				"east": {"uv": [0, 0, 0, 0], "texture": "#missing"},
				"south": {"uv": [0, 0, 0, 0], "texture": "#missing"},
				"west": {"uv": [0, 0, 0, 0], "texture": "#missing"},
				"up": {"uv": [0, 0, 0, 0], "texture": "#missing"},
				"down": {"uv": [0, 0, 0, 0], "texture": "#missing"}
			}
		}
	]
}