{
	"credit": "Made with Blockbench",
	"texture_size": [64, 64],
	"textures": {
		"7": "drugs/neckbottom",
		"8": "drugs/arm",
		"9": "drugs/body",
		"10": "drugs/finger",
		"11": "drugs/gruel",
		"12": "drugs/lip",
		"13": "drugs/necktop",
		"particle": "drugs/finger"
	},
	"elements": [
		{
			"name": "neckbottom",
			"from": [6.25, 7, 6.25],
			"to": [9.75, 10, 9.75],
			"rotation": {"angle": 0, "axis": "y", "origin": [0, -4, 0]},
			"faces": {
				"north": {"uv": [4, 0, 7.5, 3], "texture": "#7"},
				"east": {"uv": [4, 3, 7.5, 6], "texture": "#7"},
				"south": {"uv": [4, 6, 7.5, 9], "texture": "#7"},
				"west": {"uv": [0, 8, 3.5, 11], "texture": "#7"},
				"up": {"uv": [3.5, 3.5, 0, 0], "texture": "#7"},
				"down": {"uv": [3.5, 4, 0, 7.5], "texture": "#7"}
			}
		},
		{
			"name": "lip",
			"from": [6, 15, 6],
			"to": [10, 16, 10],
			"rotation": {"angle": 0, "axis": "y", "origin": [0, -4, 0]},
			"faces": {
				"north": {"uv": [8, 0, 16, 2], "texture": "#12"},
				"east": {"uv": [8, 2, 16, 4], "texture": "#12"},
				"south": {"uv": [8, 4, 16, 6], "texture": "#12"},
				"west": {"uv": [8, 6, 16, 8], "texture": "#12"},
				"up": {"uv": [8, 8, 0, 0], "texture": "#12"},
				"down": {"uv": [8, 8, 0, 16], "texture": "#12"}
			}
		},
		{
			"name": "necktop",
			"from": [6.5, 10, 6.5],
			"to": [9.5, 15, 9.5],
			"rotation": {"angle": 0, "axis": "y", "origin": [0, -4, 0]},
			"faces": {
				"north": {"uv": [0, 0, 3, 5], "texture": "#13"},
				"east": {"uv": [3, 0, 6, 5], "texture": "#13"},
				"south": {"uv": [0, 5, 3, 10], "texture": "#13"},
				"west": {"uv": [3, 5, 6, 10], "texture": "#13"},
				"up": {"uv": [9, 3, 6, 0], "texture": "#13"},
				"down": {"uv": [9, 3, 6, 6], "texture": "#13"}
			}
		},
		{
			"name": "arm",
			"from": [7, 4, -6],
			"to": [9, 6, -1],
			"rotation": {"angle": 45, "axis": "x", "origin": [0, -4, 0]},
			"faces": {
				"north": {"uv": [4, 4, 6, 6], "texture": "#8"},
				"east": {"uv": [0, 0, 6, 2], "texture": "#8"},
				"south": {"uv": [6, 0, 8, 2], "texture": "#8"},
				"west": {"uv": [0, 2, 6, 4], "texture": "#8"},
				"up": {"uv": [2, 10, 0, 4], "texture": "#8"},
				"down": {"uv": [4, 4, 2, 10], "texture": "#8"}
			}
		},
		{
			"name": "finger",
			"from": [6, 3, -7],
			"to": [10, 7, -5.5],
			"rotation": {"angle": 45, "axis": "x", "origin": [0, -4, 0]},
			"faces": {
				"north": {"uv": [0, 0, 4, 4], "texture": "#10"},
				"east": {"uv": [4, 0, 5.5, 4], "texture": "#10"},
				"south": {"uv": [0, 4, 4, 8], "texture": "#10"},
				"west": {"uv": [4, 4, 5.5, 8], "texture": "#10"},
				"up": {"uv": [10, 1.5, 6, 0], "texture": "#10"},
				"down": {"uv": [10, 2, 6, 3.5], "texture": "#10"}
			}
		},
		{
			"name": "body",
			"from": [5, 1, 5],
			"to": [11, 7, 11],
			"rotation": {"angle": 0, "axis": "y", "origin": [0, -4, 0]},
			"faces": {
				"north": {"uv": [0, 0, 4, 4], "texture": "#9"},
				"east": {"uv": [0, 4, 4, 8], "texture": "#9"},
				"south": {"uv": [4, 0, 8, 4], "texture": "#9"},
				"west": {"uv": [4, 4, 8, 8], "texture": "#9"},
				"up": {"uv": [4, 12, 0, 8], "texture": "#9"},
				"down": {"uv": [12, 0, 8, 4], "texture": "#9"}
			}
		},
		{
			"name": "gruel",
			"from": [5.5, 1.5, 5.5],
			"to": [10.5, 3.5, 10.5],
			"rotation": {"angle": 0, "axis": "y", "origin": [1, -4, 0]},
			"faces": {
				"north": {"uv": [5, 0, 10, 3], "texture": "#11"},
				"east": {"uv": [5, 3, 10, 6], "texture": "#11"},
				"south": {"uv": [5, 6, 10, 9], "texture": "#11"},
				"west": {"uv": [5, 9, 10, 12], "texture": "#11"},
				"up": {"uv": [5, 5, 0, 0], "texture": "#11"},
				"down": {"uv": [5, 5, 0, 10], "texture": "#11"}
			}
		}
	],
	"display": {
		"thirdperson_righthand": {
			"rotation": [70, 0, 0],
			"translation": [0, 0, -1.25]
		},
		"thirdperson_lefthand": {
			"rotation": [70, 0, 0],
			"translation": [0, 0, -1.25]
		},
		"firstperson_righthand": {
			"rotation": [8, 8, 0],
			"translation": [1, 7, 1],
			"scale": [0.9, 0.9, 0.9]
		},
		"firstperson_lefthand": {
			"rotation": [8, 8, 0],
			"translation": [1, 7, 1],
			"scale": [0.9, 0.9, 0.9]
		},
		"ground": {
			"translation": [0, 4, 0]
		},
		"gui": {
			"rotation": [12, -107, -3],
			"translation": [-0.75, -0.25, 0],
			"scale": [0.9, 0.9, 0.9]
		},
		"fixed": {
			"rotation": [0, 90, 0],
			"translation": [1, 0, 1]
		}
	}
}