{
	"credit": "Made with Blockbench",
	"parent": "pocket",
	"texture_size": [32, 32],
	"textures": {
		"0": "weapons/stafftexture",
		"particle": "weapons/stafftexture"
	},
	"elements": [
		{
			"from": [4, 11, 7.25],
			"to": [4.5, 12.5, 7.75],
			"faces": {
				"north": {"uv": [4, 2.5, 4.25, 3.25], "texture": "#0"},
				"east": {"uv": [3, 4, 3.25, 4.75], "texture": "#0"},
				"south": {"uv": [3.5, 4, 3.75, 4.75], "texture": "#0"},
				"west": {"uv": [4, 3.5, 4.25, 4.25], "texture": "#0"},
				"up": {"uv": [6.75, 8.25, 6.5, 8], "texture": "#0"},
				"down": {"uv": [8.25, 6.5, 8, 6.75], "texture": "#0"}
			}
		},
		{
			"from": [3.5, 11.5, 7.25],
			"to": [4, 13, 7.75],
			"faces": {
				"north": {"uv": [1.5, 4, 1.75, 4.75], "texture": "#0"},
				"east": {"uv": [4, 1.5, 4.25, 2.25], "texture": "#0"},
				"south": {"uv": [2, 4, 2.25, 4.75], "texture": "#0"},
				"west": {"uv": [2.5, 4, 2.75, 4.75], "texture": "#0"},
				"up": {"uv": [6.25, 8.25, 6, 8], "texture": "#0"},
				"down": {"uv": [8.25, 6, 8, 6.25], "texture": "#0"}
			}
		},
		{
			"from": [4.5, 10.5, 7.25],
			"to": [5, 12, 7.75],
			"faces": {
				"north": {"uv": [4.5, 1, 4.75, 1.75], "texture": "#0"},
				"east": {"uv": [4.5, 2, 4.75, 2.75], "texture": "#0"},
				"south": {"uv": [4.5, 3, 4.75, 3.75], "texture": "#0"},
				"west": {"uv": [4, 4.5, 4.25, 5.25], "texture": "#0"},
				"up": {"uv": [7.75, 8.25, 7.5, 8], "texture": "#0"},
				"down": {"uv": [8.25, 7.5, 8, 7.75], "texture": "#0"}
			}
		},
		{
			"from": [5, 10, 7.25],
			"to": [5.5, 11.5, 7.75],
			"faces": {
				"north": {"uv": [0, 4.5, 0.25, 5.25], "texture": "#0"},
				"east": {"uv": [4.5, 0, 4.75, 0.75], "texture": "#0"},
				"south": {"uv": [0.5, 4.5, 0.75, 5.25], "texture": "#0"},
				"west": {"uv": [1, 4.5, 1.25, 5.25], "texture": "#0"},
				"up": {"uv": [7.25, 8.25, 7, 8], "texture": "#0"},
				"down": {"uv": [8.25, 7, 8, 7.25], "texture": "#0"}
			}
		},
		{
			"from": [5.5, 9.5, 7.25],
			"to": [6, 11, 7.75],
			"faces": {
				"north": {"uv": [2, 5, 2.25, 5.75], "texture": "#0"},
				"east": {"uv": [5, 2, 5.25, 2.75], "texture": "#0"},
				"south": {"uv": [2.5, 5, 2.75, 5.75], "texture": "#0"},
				"west": {"uv": [3, 5, 3.25, 5.75], "texture": "#0"},
				"up": {"uv": [8.75, 0.25, 8.5, 0], "texture": "#0"},
				"down": {"uv": [0.75, 8.5, 0.5, 8.75], "texture": "#0"}
			}
		},
		{
			"from": [6, 9, 7.25],
			"to": [6.5, 10.5, 7.75],
			"faces": {
				"north": {"uv": [4.5, 4, 4.75, 4.75], "texture": "#0"},
				"east": {"uv": [5, 0, 5.25, 0.75], "texture": "#0"},
				"south": {"uv": [5, 1, 5.25, 1.75], "texture": "#0"},
				"west": {"uv": [1.5, 5, 1.75, 5.75], "texture": "#0"},
				"up": {"uv": [8.25, 8.25, 8, 8], "texture": "#0"},
				"down": {"uv": [0.25, 8.5, 0, 8.75], "texture": "#0"}
			}
		},
		{
			"from": [7, 8, 7.25],
			"to": [7.5, 9.5, 7.75],
			"faces": {
				"north": {"uv": [2.5, 6, 2.75, 6.75], "texture": "#0"},
				"east": {"uv": [3, 6, 3.25, 6.75], "texture": "#0"},
				"south": {"uv": [6, 3, 6.25, 3.75], "texture": "#0"},
				"west": {"uv": [3.5, 6, 3.75, 6.75], "texture": "#0"},
				"up": {"uv": [8.75, 3.25, 8.5, 3], "texture": "#0"},
				"down": {"uv": [3.75, 8.5, 3.5, 8.75], "texture": "#0"}
			}
		},
		{
			"from": [8, 7, 7.25],
			"to": [8.5, 8.5, 7.75],
			"faces": {
				"north": {"uv": [6, 1, 6.25, 1.75], "texture": "#0"},
				"east": {"uv": [1.5, 6, 1.75, 6.75], "texture": "#0"},
				"south": {"uv": [2, 6, 2.25, 6.75], "texture": "#0"},
				"west": {"uv": [6, 2, 6.25, 2.75], "texture": "#0"},
				"up": {"uv": [8.75, 2.75, 8.5, 2.5], "texture": "#0"},
				"down": {"uv": [3.25, 8.5, 3, 8.75], "texture": "#0"}
			}
		},
		{
			"from": [7.5, 7.5, 7.25],
			"to": [8, 9, 7.75],
			"faces": {
				"north": {"uv": [4, 5.5, 4.25, 6.25], "texture": "#0"},
				"east": {"uv": [5.5, 4, 5.75, 4.75], "texture": "#0"},
				"south": {"uv": [5.5, 5, 5.75, 5.75], "texture": "#0"},
				"west": {"uv": [6, 0, 6.25, 0.75], "texture": "#0"},
				"up": {"uv": [8.75, 2.25, 8.5, 2], "texture": "#0"},
				"down": {"uv": [2.75, 8.5, 2.5, 8.75], "texture": "#0"}
			}
		},
		{
			"from": [9, 6, 7.25],
			"to": [9.5, 7.5, 7.75],
			"faces": {
				"north": {"uv": [1, 5.5, 1.25, 6.25], "texture": "#0"},
				"east": {"uv": [5.5, 1, 5.75, 1.75], "texture": "#0"},
				"south": {"uv": [5.5, 2, 5.75, 2.75], "texture": "#0"},
				"west": {"uv": [5.5, 3, 5.75, 3.75], "texture": "#0"},
				"up": {"uv": [8.75, 1.75, 8.5, 1.5], "texture": "#0"},
				"down": {"uv": [2.25, 8.5, 2, 8.75], "texture": "#0"}
			}
		},
		{
			"from": [8.5, 6.5, 7.25],
			"to": [9, 8, 7.75],
			"faces": {
				"north": {"uv": [5, 5, 5.25, 5.75], "texture": "#0"},
				"east": {"uv": [0, 5.5, 0.25, 6.25], "texture": "#0"},
				"south": {"uv": [5.5, 0, 5.75, 0.75], "texture": "#0"},
				"west": {"uv": [0.5, 5.5, 0.75, 6.25], "texture": "#0"},
				"up": {"uv": [8.75, 1.25, 8.5, 1], "texture": "#0"},
				"down": {"uv": [1.75, 8.5, 1.5, 8.75], "texture": "#0"}
			}
		},
		{
			"from": [6.5, 8.5, 7.25],
			"to": [7, 10, 7.75],
			"faces": {
				"north": {"uv": [5, 3, 5.25, 3.75], "texture": "#0"},
				"east": {"uv": [3.5, 5, 3.75, 5.75], "texture": "#0"},
				"south": {"uv": [5, 4, 5.25, 4.75], "texture": "#0"},
				"west": {"uv": [4.5, 5, 4.75, 5.75], "texture": "#0"},
				"up": {"uv": [8.75, 0.75, 8.5, 0.5], "texture": "#0"},
				"down": {"uv": [1.25, 8.5, 1, 8.75], "texture": "#0"}
			}
		},
		{
			"from": [10, 5, 7.25],
			"to": [10.5, 6.5, 7.75],
			"faces": {
				"north": {"uv": [2, 7, 2.25, 7.75], "texture": "#0"},
				"east": {"uv": [7, 2, 7.25, 2.75], "texture": "#0"},
				"south": {"uv": [2.5, 7, 2.75, 7.75], "texture": "#0"},
				"west": {"uv": [3, 7, 3.25, 7.75], "texture": "#0"},
				"up": {"uv": [8.75, 6.25, 8.5, 6], "texture": "#0"},
				"down": {"uv": [6.75, 8.5, 6.5, 8.75], "texture": "#0"}
			}
		},
		{
			"from": [11, 4, 7.25],
			"to": [11.5, 5.5, 7.75],
			"faces": {
				"north": {"uv": [6.5, 6, 6.75, 6.75], "texture": "#0"},
				"east": {"uv": [7, 0, 7.25, 0.75], "texture": "#0"},
				"south": {"uv": [7, 1, 7.25, 1.75], "texture": "#0"},
				"west": {"uv": [1.5, 7, 1.75, 7.75], "texture": "#0"},
				"up": {"uv": [8.75, 5.75, 8.5, 5.5], "texture": "#0"},
				"down": {"uv": [6.25, 8.5, 6, 8.75], "texture": "#0"}
			}
		},
		{
			"from": [10.5, 4.5, 7.25],
			"to": [11, 6, 7.75],
			"faces": {
				"north": {"uv": [6.5, 3, 6.75, 3.75], "texture": "#0"},
				"east": {"uv": [4, 6.5, 4.25, 7.25], "texture": "#0"},
				"south": {"uv": [6.5, 4, 6.75, 4.75], "texture": "#0"},
				"west": {"uv": [6.5, 5, 6.75, 5.75], "texture": "#0"},
				"up": {"uv": [8.75, 5.25, 8.5, 5], "texture": "#0"},
				"down": {"uv": [5.75, 8.5, 5.5, 8.75], "texture": "#0"}
			}
		},
		{
			"from": [12, 3, 7.25],
			"to": [12.5, 4.5, 7.75],
			"faces": {
				"north": {"uv": [0.5, 6.5, 0.75, 7.25], "texture": "#0"},
				"east": {"uv": [1, 6.5, 1.25, 7.25], "texture": "#0"},
				"south": {"uv": [6.5, 1, 6.75, 1.75], "texture": "#0"},
				"west": {"uv": [6.5, 2, 6.75, 2.75], "texture": "#0"},
				"up": {"uv": [8.75, 4.75, 8.5, 4.5], "texture": "#0"},
				"down": {"uv": [5.25, 8.5, 5, 8.75], "texture": "#0"}
			}
		},
		{
			"from": [11.5, 3.5, 7.25],
			"to": [12, 5, 7.75],
			"faces": {
				"north": {"uv": [5.5, 6, 5.75, 6.75], "texture": "#0"},
				"east": {"uv": [6, 6, 6.25, 6.75], "texture": "#0"},
				"south": {"uv": [0, 6.5, 0.25, 7.25], "texture": "#0"},
				"west": {"uv": [6.5, 0, 6.75, 0.75], "texture": "#0"},
				"up": {"uv": [8.75, 4.25, 8.5, 4], "texture": "#0"},
				"down": {"uv": [4.75, 8.5, 4.5, 8.75], "texture": "#0"}
			}
		},
		{
			"from": [9.5, 5.5, 7.25],
			"to": [10, 7, 7.75],
			"faces": {
				"north": {"uv": [6, 4, 6.25, 4.75], "texture": "#0"},
				"east": {"uv": [4.5, 6, 4.75, 6.75], "texture": "#0"},
				"south": {"uv": [5, 6, 5.25, 6.75], "texture": "#0"},
				"west": {"uv": [6, 5, 6.25, 5.75], "texture": "#0"},
				"up": {"uv": [8.75, 3.75, 8.5, 3.5], "texture": "#0"},
				"down": {"uv": [4.25, 8.5, 4, 8.75], "texture": "#0"}
			}
		},
		{
			"from": [13, 2, 7.25],
			"to": [13.5, 3.5, 7.75],
			"faces": {
				"north": {"uv": [7.5, 0, 7.75, 0.75], "texture": "#0"},
				"east": {"uv": [1, 7.5, 1.25, 8.25], "texture": "#0"},
				"south": {"uv": [7.5, 1, 7.75, 1.75], "texture": "#0"},
				"west": {"uv": [7.5, 2, 7.75, 2.75], "texture": "#0"},
				"up": {"uv": [3.25, 9.25, 3, 9], "texture": "#0"},
				"down": {"uv": [9.25, 3, 9, 3.25], "texture": "#0"}
			}
		},
		{
			"from": [13.5, 1, 7.15],
			"to": [14.5, 1.5, 7.85],
			"faces": {
				"north": {"uv": [3.5, 8, 4, 8.25], "texture": "#0"},
				"east": {"uv": [2.5, 9, 2.75, 9.25], "texture": "#0"},
				"south": {"uv": [8, 3.5, 8.5, 3.75], "texture": "#0"},
				"west": {"uv": [9, 2.5, 9.25, 2.75], "texture": "#0"},
				"up": {"uv": [4.5, 8.25, 4, 8], "texture": "#0"},
				"down": {"uv": [8.5, 4, 8, 4.25], "texture": "#0"}
			}
		},
		{
			"from": [14.5, 1.5, 7.15],
			"to": [15, 2.5, 7.85],
			"faces": {
				"north": {"uv": [2.5, 8, 2.75, 8.5], "texture": "#0"},
				"east": {"uv": [8, 2.5, 8.25, 3], "texture": "#0"},
				"south": {"uv": [3, 8, 3.25, 8.5], "texture": "#0"},
				"west": {"uv": [8, 3, 8.25, 3.5], "texture": "#0"},
				"up": {"uv": [2.25, 9.25, 2, 9], "texture": "#0"},
				"down": {"uv": [9.25, 2, 9, 2.25], "texture": "#0"}
			}
		},
		{
			"from": [12.75, 1.5, 7],
			"to": [14, 2, 8],
			"faces": {
				"north": {"uv": [7, 6, 7.75, 6.25], "texture": "#0"},
				"east": {"uv": [1.5, 9, 1.75, 9.25], "texture": "#0"},
				"south": {"uv": [6.5, 7, 7.25, 7.25], "texture": "#0"},
				"west": {"uv": [9, 1.5, 9.25, 1.75], "texture": "#0"},
				"up": {"uv": [7.75, 6.75, 7, 6.5], "texture": "#0"},
				"down": {"uv": [0.75, 7.5, 0, 7.75], "texture": "#0"}
			}
		},
		{
			"from": [14, 2, 7],
			"to": [14.5, 3.25, 8],
			"faces": {
				"north": {"uv": [5, 7, 5.25, 7.75], "texture": "#0"},
				"east": {"uv": [7, 5, 7.25, 5.75], "texture": "#0"},
				"south": {"uv": [5.5, 7, 5.75, 7.75], "texture": "#0"},
				"west": {"uv": [6, 7, 6.25, 7.75], "texture": "#0"},
				"up": {"uv": [1.25, 9.25, 1, 9], "texture": "#0"},
				"down": {"uv": [9.25, 1, 9, 1.25], "texture": "#0"}
			}
		},
		{
			"from": [15, 0, 7.25],
			"to": [15.5, 0.5, 7.75],
			"faces": {
				"north": {"uv": [3.5, 9, 3.75, 9.25], "texture": "#0"},
				"east": {"uv": [9, 3.5, 9.25, 3.75], "texture": "#0"},
				"south": {"uv": [4, 9, 4.25, 9.25], "texture": "#0"},
				"west": {"uv": [9, 4, 9.25, 4.25], "texture": "#0"},
				"up": {"uv": [4.75, 9.25, 4.5, 9], "texture": "#0"},
				"down": {"uv": [9.25, 4.5, 9, 4.75], "texture": "#0"}
			}
		},
		{
			"from": [15.5, 0, 7.25],
			"to": [16, 0.5, 7.75],
			"faces": {
				"north": {"uv": [6.5, 9, 6.75, 9.25], "texture": "#0"},
				"east": {"uv": [9, 6.5, 9.25, 6.75], "texture": "#0"},
				"south": {"uv": [7, 9, 7.25, 9.25], "texture": "#0"},
				"west": {"uv": [9, 7, 9.25, 7.25], "texture": "#0"},
				"up": {"uv": [7.75, 9.25, 7.5, 9], "texture": "#0"},
				"down": {"uv": [9.25, 7.5, 9, 7.75], "texture": "#0"}
			}
		},
		{
			"from": [15, 0.5, 7.25],
			"to": [15.5, 1, 7.75],
			"faces": {
				"north": {"uv": [9.5, 1.5, 9.75, 1.75], "texture": "#0"},
				"east": {"uv": [2, 9.5, 2.25, 9.75], "texture": "#0"},
				"south": {"uv": [9.5, 2, 9.75, 2.25], "texture": "#0"},
				"west": {"uv": [2.5, 9.5, 2.75, 9.75], "texture": "#0"},
				"up": {"uv": [9.75, 2.75, 9.5, 2.5], "texture": "#0"},
				"down": {"uv": [3.25, 9.5, 3, 9.75], "texture": "#0"}
			}
		},
		{
			"from": [15, 0, 7.25],
			"to": [15.5, 0.5, 7.75],
			"faces": {
				"north": {"uv": [5, 9, 5.25, 9.25], "texture": "#0"},
				"east": {"uv": [9, 5, 9.25, 5.25], "texture": "#0"},
				"south": {"uv": [5.5, 9, 5.75, 9.25], "texture": "#0"},
				"west": {"uv": [9, 5.5, 9.25, 5.75], "texture": "#0"},
				"up": {"uv": [6.25, 9.25, 6, 9], "texture": "#0"},
				"down": {"uv": [9.25, 6, 9, 6.25], "texture": "#0"}
			}
		},
		{
			"from": [15.5, 0.5, 7.25],
			"to": [16, 1, 7.75],
			"faces": {
				"north": {"uv": [8.5, 8, 8.75, 8.25], "texture": "#0"},
				"east": {"uv": [8.5, 8.5, 8.75, 8.75], "texture": "#0"},
				"south": {"uv": [0, 9, 0.25, 9.25], "texture": "#0"},
				"west": {"uv": [9, 0, 9.25, 0.25], "texture": "#0"},
				"up": {"uv": [0.75, 9.25, 0.5, 9], "texture": "#0"},
				"down": {"uv": [9.25, 0.5, 9, 0.75], "texture": "#0"}
			}
		},
		{
			"from": [14.25, 0.5, 7.25],
			"to": [15, 1, 7.75],
			"faces": {
				"north": {"uv": [1.5, 8, 2, 8.25], "texture": "#0"},
				"east": {"uv": [8.5, 7.5, 8.75, 7.75], "texture": "#0"},
				"south": {"uv": [8, 1.5, 8.5, 1.75], "texture": "#0"},
				"west": {"uv": [8, 8.5, 8.25, 8.75], "texture": "#0"},
				"up": {"uv": [2.5, 8.25, 2, 8], "texture": "#0"},
				"down": {"uv": [8.5, 2, 8, 2.25], "texture": "#0"}
			}
		},
		{
			"from": [15, 1, 7.25],
			"to": [15.5, 1.75, 7.75],
			"faces": {
				"north": {"uv": [8, 0, 8.25, 0.5], "texture": "#0"},
				"east": {"uv": [0.5, 8, 0.75, 8.5], "texture": "#0"},
				"south": {"uv": [8, 0.5, 8.25, 1], "texture": "#0"},
				"west": {"uv": [8, 1, 8.25, 1.5], "texture": "#0"},
				"up": {"uv": [8.75, 7.25, 8.5, 7], "texture": "#0"},
				"down": {"uv": [7.75, 8.5, 7.5, 8.75], "texture": "#0"}
			}
		},
		{
			"from": [12.5, 2.5, 7.25],
			"to": [13, 4, 7.75],
			"faces": {
				"north": {"uv": [7, 3, 7.25, 3.75], "texture": "#0"},
				"east": {"uv": [3.5, 7, 3.75, 7.75], "texture": "#0"},
				"south": {"uv": [7, 4, 7.25, 4.75], "texture": "#0"},
				"west": {"uv": [4.5, 7, 4.75, 7.75], "texture": "#0"},
				"up": {"uv": [8.75, 6.75, 8.5, 6.5], "texture": "#0"},
				"down": {"uv": [7.25, 8.5, 7, 8.75], "texture": "#0"}
			}
		},
		{
			"from": [0, 13.5, 6.25],
			"to": [2.5, 16, 8.75],
			"faces": {
				"north": {"uv": [0, 0, 1.25, 1.25], "texture": "#0"},
				"east": {"uv": [0, 1.5, 1.25, 2.75], "texture": "#0"},
				"south": {"uv": [1.5, 0, 2.75, 1.25], "texture": "#0"},
				"west": {"uv": [1.5, 1.5, 2.75, 2.75], "texture": "#0"},
				"up": {"uv": [1.25, 4.25, 0, 3], "texture": "#0"},
				"down": {"uv": [4.25, 0, 3, 1.25], "texture": "#0"}
			}
		},
		{
			"from": [1.5, 12, 6.75],
			"to": [3, 13, 8.25],
			"faces": {
				"north": {"uv": [1.5, 3, 2, 3.5], "texture": "#0"},
				"east": {"uv": [3, 1.5, 3.5, 2], "texture": "#0"},
				"south": {"uv": [2, 3, 2.5, 3.5], "texture": "#0"},
				"west": {"uv": [3, 2, 3.5, 2.5], "texture": "#0"},
				"up": {"uv": [3, 3.5, 2.5, 3], "texture": "#0"},
				"down": {"uv": [3.5, 2.5, 3, 3], "texture": "#0"}
			}
		},
		{
			"from": [0, 12.5, 7],
			"to": [1.5, 13, 8],
			"faces": {
				"north": {"uv": [7.5, 4.5, 8, 4.75], "texture": "#0"},
				"east": {"uv": [7.5, 5, 8, 5.25], "texture": "#0"},
				"south": {"uv": [7.5, 5.5, 8, 5.75], "texture": "#0"},
				"west": {"uv": [6.5, 7.5, 7, 7.75], "texture": "#0"},
				"up": {"uv": [4, 3, 3.5, 2.5], "texture": "#0"},
				"down": {"uv": [3.5, 3.5, 3, 4], "texture": "#0"}
			}
		},
		{
			"from": [3, 12, 7.25],
			"to": [3.5, 13, 7.75],
			"faces": {
				"north": {"uv": [7.5, 3, 7.75, 3.5], "texture": "#0"},
				"east": {"uv": [7.5, 3.5, 7.75, 4], "texture": "#0"},
				"south": {"uv": [4, 7.5, 4.25, 8], "texture": "#0"},
				"west": {"uv": [7.5, 4, 7.75, 4.5], "texture": "#0"},
				"up": {"uv": [5.75, 8.25, 5.5, 8], "texture": "#0"},
				"down": {"uv": [8.25, 5.5, 8, 5.75], "texture": "#0"}
			}
		},
		{
			"from": [13.5, 2, 7.25],
			"to": [14, 3, 7.75],
			"faces": {
				"north": {"uv": [4.5, 8, 4.75, 8.5], "texture": "#0"},
				"east": {"uv": [8, 4.5, 8.25, 5], "texture": "#0"},
				"south": {"uv": [5, 8, 5.25, 8.5], "texture": "#0"},
				"west": {"uv": [8, 5, 8.25, 5.5], "texture": "#0"},
				"up": {"uv": [9.75, 3.25, 9.5, 3], "texture": "#0"},
				"down": {"uv": [3.75, 9.5, 3.5, 9.75], "texture": "#0"}
			}
		},
		{
			"from": [14, 1.5, 7],
			"to": [14.5, 2, 8],
			"faces": {
				"north": {"uv": [9.5, 0, 9.75, 0.25], "texture": "#0"},
				"east": {"uv": [0.5, 9.5, 0.75, 9.75], "texture": "#0"},
				"south": {"uv": [9.5, 0.5, 9.75, 0.75], "texture": "#0"},
				"west": {"uv": [1, 9.5, 1.25, 9.75], "texture": "#0"},
				"up": {"uv": [9.75, 1.25, 9.5, 1], "texture": "#0"},
				"down": {"uv": [1.75, 9.5, 1.5, 9.75], "texture": "#0"}
			}
		},
		{
			"from": [14.5, 1, 7.15],
			"to": [15, 1.5, 7.85],
			"faces": {
				"north": {"uv": [8, 9, 8.25, 9.25], "texture": "#0"},
				"east": {"uv": [9, 8, 9.25, 8.25], "texture": "#0"},
				"south": {"uv": [8.5, 9, 8.75, 9.25], "texture": "#0"},
				"west": {"uv": [9, 8.5, 9.25, 8.75], "texture": "#0"},
				"up": {"uv": [9.25, 9.25, 9, 9], "texture": "#0"},
				"down": {"uv": [0.25, 9.5, 0, 9.75], "texture": "#0"}
			}
		},
		{
			"from": [3, 13, 6.75],
			"to": [4, 14.5, 8.25],
			"faces": {
				"north": {"uv": [3, 3, 3.5, 3.5], "texture": "#0"},
				"east": {"uv": [1.5, 3.5, 2, 4], "texture": "#0"},
				"south": {"uv": [3.5, 1.5, 4, 2], "texture": "#0"},
				"west": {"uv": [2, 3.5, 2.5, 4], "texture": "#0"},
				"up": {"uv": [4, 2.5, 3.5, 2], "texture": "#0"},
				"down": {"uv": [3, 3.5, 2.5, 4], "texture": "#0"}
			}
		},
		{
			"from": [3, 14.5, 7],
			"to": [3.5, 16, 8],
			"faces": {
				"north": {"uv": [7, 7.5, 7.25, 8], "texture": "#0"},
				"east": {"uv": [3.5, 3, 4, 3.5], "texture": "#0"},
				"south": {"uv": [7.5, 7, 7.75, 7.5], "texture": "#0"},
				"west": {"uv": [3.5, 3.5, 4, 4], "texture": "#0"},
				"up": {"uv": [7.75, 8, 7.5, 7.5], "texture": "#0"},
				"down": {"uv": [0.25, 8, 0, 8.5], "texture": "#0"}
			}
		}
	],
	"display": {
		"thirdperson_righthand": {
			"rotation": [0, -90, -45],
			"translation": [-0.5, -5, 0],
			"scale": [1.5, 1.5, 1.5]
		},
		"thirdperson_lefthand": {
			"rotation": [0, 90, 45],
			"translation": [0.5, -6.75, 0],
			"scale": [1.5, 1.5, 1.5]
		},
		"firstperson_righthand": {
			"rotation": [-35, 90, 0],
			"translation": [2, -6, -0.75],
			"scale": [1.5, 1.5, 1.5]
		},
		"firstperson_lefthand": {
			"rotation": [-35, -90, 0],
			"translation": [0.25, -6, -1.25],
			"scale": [1.5, 1.5, 1.5]
		},
		"ground": {
			"rotation": [80, 4, -10],
			"scale": [1.2, 1.2, 1.2]
		},
		"gui": {
			"rotation": [0, 180, 0],
			"scale": [0.9, 0.9, 0.9]
		},
		"head": {
			"rotation": [0, 90, -45],
			"translation": [2, -5.75, 0],
			"scale": [4, 4, 4]
		},
		"fixed": {
			"translation": [0, 0, 0.25],
			"scale": [2, 2, 2]
		}
	},
	"groups": [
		{
			"name": "handle",
			"origin": [0, 0, 0],
			"color": 0,
			"children": [0, 1, 2, 3, 4, 5, 6, 7, 8, 9, 10, 11, 12, 13, 14, 15, 16, 17, 18, 19, 20, 21, 22, 23, 24, 25, 26, 27, 28, 29, 30, 31, 32, 33, 34, 35, 36, 37, 38, 39]
		}
	]
}