{
	"credit": "Made with Blockbench",
	"parent": "pocket",
	"texture_size": [32, 32],
	"textures": {
		"1": "weapons/netheritestaffhold"
	},
	"elements": [
		{
			"from": [4, 11, 7.25],
			"to": [4.5, 12.5, 7.75],
			"faces": {
				"north": {"uv": [1.5, 1, 1.75, 1.75], "texture": "#1"},
				"east": {"uv": [0, 2, 0.25, 2.75], "texture": "#1"},
				"south": {"uv": [0.5, 2, 0.75, 2.75], "texture": "#1"},
				"west": {"uv": [1, 2, 1.25, 2.75], "texture": "#1"},
				"up": {"uv": [7.75, 1.75, 7.5, 1.5], "texture": "#1"},
				"down": {"uv": [2.25, 7.5, 2, 7.75], "texture": "#1"}
			}
		},
		{
			"from": [3.5, 11.5, 7.25],
			"to": [4, 13, 7.75],
			"faces": {
				"north": {"uv": [2, 1, 2.25, 1.75], "texture": "#1"},
				"east": {"uv": [1.5, 2, 1.75, 2.75], "texture": "#1"},
				"south": {"uv": [2, 2, 2.25, 2.75], "texture": "#1"},
				"west": {"uv": [2.5, 0, 2.75, 0.75], "texture": "#1"},
				"up": {"uv": [7.75, 2.25, 7.5, 2], "texture": "#1"},
				"down": {"uv": [2.75, 7.5, 2.5, 7.75], "texture": "#1"}
			}
		},
		{
			"from": [4.5, 10.5, 7.25],
			"to": [5, 12, 7.75],
			"faces": {
				"north": {"uv": [2.5, 1, 2.75, 1.75], "texture": "#1"},
				"east": {"uv": [2.5, 2, 2.75, 2.75], "texture": "#1"},
				"south": {"uv": [0, 3, 0.25, 3.75], "texture": "#1"},
				"west": {"uv": [3, 0, 3.25, 0.75], "texture": "#1"},
				"up": {"uv": [7.75, 2.75, 7.5, 2.5], "texture": "#1"},
				"down": {"uv": [3.25, 7.5, 3, 7.75], "texture": "#1"}
			}
		},
		{
			"from": [5, 10, 7.25],
			"to": [5.5, 11.5, 7.75],
			"faces": {
				"north": {"uv": [0.5, 3, 0.75, 3.75], "texture": "#1"},
				"east": {"uv": [1, 3, 1.25, 3.75], "texture": "#1"},
				"south": {"uv": [3, 1, 3.25, 1.75], "texture": "#1"},
				"west": {"uv": [1.5, 3, 1.75, 3.75], "texture": "#1"},
				"up": {"uv": [7.75, 3.25, 7.5, 3], "texture": "#1"},
				"down": {"uv": [3.75, 7.5, 3.5, 7.75], "texture": "#1"}
			}
		},
		{
			"from": [5.5, 9.5, 7.25],
			"to": [6, 11, 7.75],
			"faces": {
				"north": {"uv": [2, 3, 2.25, 3.75], "texture": "#1"},
				"east": {"uv": [3, 2, 3.25, 2.75], "texture": "#1"},
				"south": {"uv": [2.5, 3, 2.75, 3.75], "texture": "#1"},
				"west": {"uv": [3, 3, 3.25, 3.75], "texture": "#1"},
				"up": {"uv": [7.75, 3.75, 7.5, 3.5], "texture": "#1"},
				"down": {"uv": [4.25, 7.5, 4, 7.75], "texture": "#1"}
			}
		},
		{
			"from": [6, 9, 7.25],
			"to": [6.5, 10.5, 7.75],
			"faces": {
				"north": {"uv": [3.5, 0, 3.75, 0.75], "texture": "#1"},
				"east": {"uv": [3.5, 1, 3.75, 1.75], "texture": "#1"},
				"south": {"uv": [3.5, 2, 3.75, 2.75], "texture": "#1"},
				"west": {"uv": [3.5, 3, 3.75, 3.75], "texture": "#1"},
				"up": {"uv": [7.75, 4.25, 7.5, 4], "texture": "#1"},
				"down": {"uv": [4.75, 7.5, 4.5, 7.75], "texture": "#1"}
			}
		},
		{
			"from": [7, 8, 7.25],
			"to": [7.5, 9.5, 7.75],
			"faces": {
				"north": {"uv": [0, 4, 0.25, 4.75], "texture": "#1"},
				"east": {"uv": [4, 0, 4.25, 0.75], "texture": "#1"},
				"south": {"uv": [0.5, 4, 0.75, 4.75], "texture": "#1"},
				"west": {"uv": [1, 4, 1.25, 4.75], "texture": "#1"},
				"up": {"uv": [7.75, 4.75, 7.5, 4.5], "texture": "#1"},
				"down": {"uv": [5.25, 7.5, 5, 7.75], "texture": "#1"}
			}
		},
		{
			"from": [8, 7, 7.25],
			"to": [8.5, 8.5, 7.75],
			"faces": {
				"north": {"uv": [4, 1, 4.25, 1.75], "texture": "#1"},
				"east": {"uv": [1.5, 4, 1.75, 4.75], "texture": "#1"},
				"south": {"uv": [2, 4, 2.25, 4.75], "texture": "#1"},
				"west": {"uv": [4, 2, 4.25, 2.75], "texture": "#1"},
				"up": {"uv": [7.75, 5.25, 7.5, 5], "texture": "#1"},
				"down": {"uv": [5.75, 7.5, 5.5, 7.75], "texture": "#1"}
			}
		},
		{
			"from": [7.5, 7.5, 7.25],
			"to": [8, 9, 7.75],
			"faces": {
				"north": {"uv": [2.5, 4, 2.75, 4.75], "texture": "#1"},
				"east": {"uv": [3, 4, 3.25, 4.75], "texture": "#1"},
				"south": {"uv": [4, 3, 4.25, 3.75], "texture": "#1"},
				"west": {"uv": [3.5, 4, 3.75, 4.75], "texture": "#1"},
				"up": {"uv": [7.75, 5.75, 7.5, 5.5], "texture": "#1"},
				"down": {"uv": [6.25, 7.5, 6, 7.75], "texture": "#1"}
			}
		},
		{
			"from": [9, 6, 7.25],
			"to": [9.5, 7.5, 7.75],
			"faces": {
				"north": {"uv": [4, 4, 4.25, 4.75], "texture": "#1"},
				"east": {"uv": [4.5, 0, 4.75, 0.75], "texture": "#1"},
				"south": {"uv": [4.5, 1, 4.75, 1.75], "texture": "#1"},
				"west": {"uv": [4.5, 2, 4.75, 2.75], "texture": "#1"},
				"up": {"uv": [7.75, 6.25, 7.5, 6], "texture": "#1"},
				"down": {"uv": [6.75, 7.5, 6.5, 7.75], "texture": "#1"}
			}
		},
		{
			"from": [8.5, 6.5, 7.25],
			"to": [9, 8, 7.75],
			"faces": {
				"north": {"uv": [4.5, 3, 4.75, 3.75], "texture": "#1"},
				"east": {"uv": [4.5, 4, 4.75, 4.75], "texture": "#1"},
				"south": {"uv": [0, 5, 0.25, 5.75], "texture": "#1"},
				"west": {"uv": [5, 0, 5.25, 0.75], "texture": "#1"},
				"up": {"uv": [7.75, 6.75, 7.5, 6.5], "texture": "#1"},
				"down": {"uv": [7.25, 7.5, 7, 7.75], "texture": "#1"}
			}
		},
		{
			"from": [6.5, 8.5, 7.25],
			"to": [7, 10, 7.75],
			"faces": {
				"north": {"uv": [0.5, 5, 0.75, 5.75], "texture": "#1"},
				"east": {"uv": [1, 5, 1.25, 5.75], "texture": "#1"},
				"south": {"uv": [5, 1, 5.25, 1.75], "texture": "#1"},
				"west": {"uv": [1.5, 5, 1.75, 5.75], "texture": "#1"},
				"up": {"uv": [7.75, 7.25, 7.5, 7], "texture": "#1"},
				"down": {"uv": [7.75, 7.5, 7.5, 7.75], "texture": "#1"}
			}
		},
		{
			"from": [10, 5, 7.25],
			"to": [10.5, 6.5, 7.75],
			"faces": {
				"north": {"uv": [2, 5, 2.25, 5.75], "texture": "#1"},
				"east": {"uv": [5, 2, 5.25, 2.75], "texture": "#1"},
				"south": {"uv": [2.5, 5, 2.75, 5.75], "texture": "#1"},
				"west": {"uv": [3, 5, 3.25, 5.75], "texture": "#1"},
				"up": {"uv": [0.25, 8.25, 0, 8], "texture": "#1"},
				"down": {"uv": [8.25, 0, 8, 0.25], "texture": "#1"}
			}
		},
		{
			"from": [11, 4, 7.25],
			"to": [11.5, 5.5, 7.75],
			"faces": {
				"north": {"uv": [5, 3, 5.25, 3.75], "texture": "#1"},
				"east": {"uv": [3.5, 5, 3.75, 5.75], "texture": "#1"},
				"south": {"uv": [4, 5, 4.25, 5.75], "texture": "#1"},
				"west": {"uv": [5, 4, 5.25, 4.75], "texture": "#1"},
				"up": {"uv": [0.75, 8.25, 0.5, 8], "texture": "#1"},
				"down": {"uv": [8.25, 0.5, 8, 0.75], "texture": "#1"}
			}
		},
		{
			"from": [10.5, 4.5, 7.25],
			"to": [11, 6, 7.75],
			"faces": {
				"north": {"uv": [4.5, 5, 4.75, 5.75], "texture": "#1"},
				"east": {"uv": [5, 5, 5.25, 5.75], "texture": "#1"},
				"south": {"uv": [5.5, 0, 5.75, 0.75], "texture": "#1"},
				"west": {"uv": [5.5, 1, 5.75, 1.75], "texture": "#1"},
				"up": {"uv": [1.25, 8.25, 1, 8], "texture": "#1"},
				"down": {"uv": [8.25, 1, 8, 1.25], "texture": "#1"}
			}
		},
		{
			"from": [12, 3, 7.25],
			"to": [12.5, 4.5, 7.75],
			"faces": {
				"north": {"uv": [5.5, 2, 5.75, 2.75], "texture": "#1"},
				"east": {"uv": [5.5, 3, 5.75, 3.75], "texture": "#1"},
				"south": {"uv": [5.5, 4, 5.75, 4.75], "texture": "#1"},
				"west": {"uv": [5.5, 5, 5.75, 5.75], "texture": "#1"},
				"up": {"uv": [1.75, 8.25, 1.5, 8], "texture": "#1"},
				"down": {"uv": [8.25, 1.5, 8, 1.75], "texture": "#1"}
			}
		},
		{
			"from": [11.5, 3.5, 7.25],
			"to": [12, 5, 7.75],
			"faces": {
				"north": {"uv": [0, 6, 0.25, 6.75], "texture": "#1"},
				"east": {"uv": [6, 0, 6.25, 0.75], "texture": "#1"},
				"south": {"uv": [0.5, 6, 0.75, 6.75], "texture": "#1"},
				"west": {"uv": [1, 6, 1.25, 6.75], "texture": "#1"},
				"up": {"uv": [2.25, 8.25, 2, 8], "texture": "#1"},
				"down": {"uv": [8.25, 2, 8, 2.25], "texture": "#1"}
			}
		},
		{
			"from": [9.5, 5.5, 7.25],
			"to": [10, 7, 7.75],
			"faces": {
				"north": {"uv": [6, 1, 6.25, 1.75], "texture": "#1"},
				"east": {"uv": [1.5, 6, 1.75, 6.75], "texture": "#1"},
				"south": {"uv": [2, 6, 2.25, 6.75], "texture": "#1"},
				"west": {"uv": [6, 2, 6.25, 2.75], "texture": "#1"},
				"up": {"uv": [2.75, 8.25, 2.5, 8], "texture": "#1"},
				"down": {"uv": [8.25, 2.5, 8, 2.75], "texture": "#1"}
			}
		},
		{
			"from": [13, 2, 7.25],
			"to": [13.5, 3.5, 7.75],
			"faces": {
				"north": {"uv": [2.5, 6, 2.75, 6.75], "texture": "#1"},
				"east": {"uv": [3, 6, 3.25, 6.75], "texture": "#1"},
				"south": {"uv": [6, 3, 6.25, 3.75], "texture": "#1"},
				"west": {"uv": [3.5, 6, 3.75, 6.75], "texture": "#1"},
				"up": {"uv": [3.25, 8.25, 3, 8], "texture": "#1"},
				"down": {"uv": [8.25, 3, 8, 3.25], "texture": "#1"}
			}
		},
		{
			"from": [13.5, 1, 7.15],
			"to": [14.5, 1.5, 7.85],
			"faces": {
				"north": {"uv": [6.5, 5, 7, 5.25], "texture": "#1"},
				"east": {"uv": [3.5, 8, 3.75, 8.25], "texture": "#1"},
				"south": {"uv": [6.5, 5.5, 7, 5.75], "texture": "#1"},
				"west": {"uv": [8, 3.5, 8.25, 3.75], "texture": "#1"},
				"up": {"uv": [6.5, 6.75, 6, 6.5], "texture": "#1"},
				"down": {"uv": [7, 6, 6.5, 6.25], "texture": "#1"}
			}
		},
		{
			"from": [14.5, 1.5, 7.15],
			"to": [15, 2.5, 7.85],
			"faces": {
				"north": {"uv": [6.5, 6.5, 6.75, 7], "texture": "#1"},
				"east": {"uv": [0, 7, 0.25, 7.5], "texture": "#1"},
				"south": {"uv": [7, 0, 7.25, 0.5], "texture": "#1"},
				"west": {"uv": [0.5, 7, 0.75, 7.5], "texture": "#1"},
				"up": {"uv": [4.25, 8.25, 4, 8], "texture": "#1"},
				"down": {"uv": [8.25, 4, 8, 4.25], "texture": "#1"}
			}
		},
		{
			"from": [12.75, 1.5, 7],
			"to": [14, 2, 8],
			"faces": {
				"north": {"uv": [4, 6, 4.75, 6.25], "texture": "#1"},
				"east": {"uv": [7, 0.5, 7.5, 0.75], "texture": "#1"},
				"south": {"uv": [6, 4, 6.75, 4.25], "texture": "#1"},
				"west": {"uv": [1, 7, 1.5, 7.25], "texture": "#1"},
				"up": {"uv": [0.75, 0.5, 0, 0], "texture": "#1"},
				"down": {"uv": [0.75, 0.5, 0, 1], "texture": "#1"}
			}
		},
		{
			"from": [14, 2, 7],
			"to": [14.5, 3.25, 8],
			"faces": {
				"north": {"uv": [6, 4.5, 6.25, 5.25], "texture": "#1"},
				"east": {"uv": [0, 1, 0.5, 1.75], "texture": "#1"},
				"south": {"uv": [5, 6, 5.25, 6.75], "texture": "#1"},
				"west": {"uv": [1, 0, 1.5, 0.75], "texture": "#1"},
				"up": {"uv": [7.25, 1.5, 7, 1], "texture": "#1"},
				"down": {"uv": [1.75, 7, 1.5, 7.5], "texture": "#1"}
			}
		},
		{
			"from": [12.5, 2.5, 7.25],
			"to": [13, 4, 7.75],
			"faces": {
				"north": {"uv": [5.5, 6, 5.75, 6.75], "texture": "#1"},
				"east": {"uv": [6, 5.5, 6.25, 6.25], "texture": "#1"},
				"south": {"uv": [6.5, 0, 6.75, 0.75], "texture": "#1"},
				"west": {"uv": [6.5, 1, 6.75, 1.75], "texture": "#1"},
				"up": {"uv": [4.75, 8.25, 4.5, 8], "texture": "#1"},
				"down": {"uv": [8.25, 4.5, 8, 4.75], "texture": "#1"}
			}
		},
		{
			"from": [3, 12, 7.25],
			"to": [3.5, 13, 7.75],
			"faces": {
				"north": {"uv": [7, 1.5, 7.25, 2], "texture": "#1"},
				"east": {"uv": [2, 7, 2.25, 7.5], "texture": "#1"},
				"south": {"uv": [7, 2, 7.25, 2.5], "texture": "#1"},
				"west": {"uv": [2.5, 7, 2.75, 7.5], "texture": "#1"},
				"up": {"uv": [5.25, 8.25, 5, 8], "texture": "#1"},
				"down": {"uv": [8.25, 5, 8, 5.25], "texture": "#1"}
			}
		},
		{
			"from": [13.5, 2, 7.25],
			"to": [14, 3, 7.75],
			"faces": {
				"north": {"uv": [7, 2.5, 7.25, 3], "texture": "#1"},
				"east": {"uv": [3, 7, 3.25, 7.5], "texture": "#1"},
				"south": {"uv": [7, 3, 7.25, 3.5], "texture": "#1"},
				"west": {"uv": [3.5, 7, 3.75, 7.5], "texture": "#1"},
				"up": {"uv": [5.75, 8.25, 5.5, 8], "texture": "#1"},
				"down": {"uv": [8.25, 5.5, 8, 5.75], "texture": "#1"}
			}
		},
		{
			"from": [14, 1.5, 7],
			"to": [14.5, 2, 8],
			"faces": {
				"north": {"uv": [6, 8, 6.25, 8.25], "texture": "#1"},
				"east": {"uv": [7, 3.5, 7.5, 3.75], "texture": "#1"},
				"south": {"uv": [8, 6, 8.25, 6.25], "texture": "#1"},
				"west": {"uv": [4, 7, 4.5, 7.25], "texture": "#1"},
				"up": {"uv": [7.25, 4.5, 7, 4], "texture": "#1"},
				"down": {"uv": [4.75, 7, 4.5, 7.5], "texture": "#1"}
			}
		},
		{
			"from": [2.5, 13.5, 7.15],
			"to": [3.5, 14, 7.85],
			"faces": {
				"north": {"uv": [7.5, 0.5, 8, 0.75], "texture": "#1"},
				"east": {"uv": [7.5, 8, 7.75, 8.25], "texture": "#1"},
				"south": {"uv": [1, 7.5, 1.5, 7.75], "texture": "#1"},
				"west": {"uv": [8, 7.5, 8.25, 7.75], "texture": "#1"},
				"up": {"uv": [8, 1.25, 7.5, 1], "texture": "#1"},
				"down": {"uv": [2, 7.5, 1.5, 7.75], "texture": "#1"}
			}
		},
		{
			"from": [3, 13, 7],
			"to": [4.25, 13.5, 8],
			"faces": {
				"north": {"uv": [4, 6.5, 4.75, 6.75], "texture": "#1"},
				"east": {"uv": [7.5, 0, 8, 0.25], "texture": "#1"},
				"south": {"uv": [6.5, 4.5, 7.25, 4.75], "texture": "#1"},
				"west": {"uv": [0.5, 7.5, 1, 7.75], "texture": "#1"},
				"up": {"uv": [2.25, 0.5, 1.5, 0], "texture": "#1"},
				"down": {"uv": [2.25, 0.5, 1.5, 1], "texture": "#1"}
			}
		},
		{
			"from": [2.5, 11.75, 7],
			"to": [3, 13, 8],
			"faces": {
				"north": {"uv": [6.5, 2, 6.75, 2.75], "texture": "#1"},
				"east": {"uv": [0.5, 1, 1, 1.75], "texture": "#1"},
				"south": {"uv": [6.5, 3, 6.75, 3.75], "texture": "#1"},
				"west": {"uv": [1, 1, 1.5, 1.75], "texture": "#1"},
				"up": {"uv": [7.25, 7.5, 7, 7], "texture": "#1"},
				"down": {"uv": [0.25, 7.5, 0, 8], "texture": "#1"}
			}
		},
		{
			"from": [2.5, 13, 7],
			"to": [3, 13.5, 8],
			"faces": {
				"north": {"uv": [7, 8, 7.25, 8.25], "texture": "#1"},
				"east": {"uv": [6, 7, 6.5, 7.25], "texture": "#1"},
				"south": {"uv": [8, 7, 8.25, 7.25], "texture": "#1"},
				"west": {"uv": [7, 6, 7.5, 6.25], "texture": "#1"},
				"up": {"uv": [6.75, 7.5, 6.5, 7], "texture": "#1"},
				"down": {"uv": [7.25, 6.5, 7, 7], "texture": "#1"}
			}
		},
		{
			"from": [2, 12.5, 7.15],
			"to": [2.5, 13.5, 7.85],
			"faces": {
				"north": {"uv": [5, 7, 5.25, 7.5], "texture": "#1"},
				"east": {"uv": [7, 5, 7.25, 5.5], "texture": "#1"},
				"south": {"uv": [5.5, 7, 5.75, 7.5], "texture": "#1"},
				"west": {"uv": [7, 5.5, 7.25, 6], "texture": "#1"},
				"up": {"uv": [6.75, 8.25, 6.5, 8], "texture": "#1"},
				"down": {"uv": [8.25, 6.5, 8, 6.75], "texture": "#1"}
			}
		}
	],
	"display": {
		"thirdperson_righthand": {
			"rotation": [0, -90, -45],
			"translation": [-1, -1.5, 0],
			"scale": [1.5, 1.5, 1.5]
		},
		"thirdperson_lefthand": {
			"rotation": [0, 90, 45],
			"translation": [0.5, -1.25, 0],
			"scale": [1.5, 1.5, 1.5]
		},
		"firstperson_righthand": {
			"rotation": [-35, 90, 0],
			"translation": [2, 0, -0.75],
			"scale": [1.5, 1.5, 1.5]
		},
		"firstperson_lefthand": {
			"rotation": [-35, -90, 0],
			"translation": [1.5, -0.5, -1.25],
			"scale": [1.5, 1.5, 1.5]
		},
		"gui": {
			"rotation": [-180, 65, -159],
			"translation": [1.25, 0.75, 0],
			"scale": [1.96, 1.87, 1.84]
		},
		"head": {
			"rotation": [-90, 0, 135],
			"translation": [0, 8.75, -18],
			"scale": [3, 2.97852, 3]
		},
		"fixed": {
			"translation": [-1, 1, 0.25],
			"scale": [2, 2, 2]
		}
	},
	"groups": [
		{
			"name": "handle",
			"origin": [0, 0, 0],
			"color": 0,
			"children": [0, 1, 2, 3, 4, 5, 6, 7, 8, 9, 10, 11, 12, 13, 14, 15, 16, 17, 18, 19, 20, 21, 22, 23, 24, 25, 26, 27, 28, 29, 30, 31]
		}
	]
}