{
	"credit": "Made with Blockbench",
	"parent": "pocket",
	"textures": {
		"1": "weapons/orb"
	},
	"elements": [
		{
			"from": [5.5, 6.5, 3.75],
			"to": [10.5, 11.5, 8.75],
			"faces": {
				"north": {"uv": [0, 0, 2.5, 2.5], "texture": "#1"},
				"east": {"uv": [0, 3, 2.5, 5.5], "texture": "#1"},
				"south": {"uv": [3, 0, 5.5, 2.5], "texture": "#1"},
				"west": {"uv": [3, 3, 5.5, 5.5], "texture": "#1"},
				"up": {"uv": [2.5, 8.5, 0, 6], "texture": "#1"},
				"down": {"uv": [8.5, 0, 6, 2.5], "texture": "#1"}
			}
		}
	],
	"display": {
		"thirdperson_righthand": {
			"rotation": [-13.09, -8.24, -4.72],
			"translation": [-0.75, -0.75, 1]
		},
		"thirdperson_lefthand": {
			"rotation": [13.09, -8.24, 4.72],
			"translation": [-0.75, -0.75, 1]
		},
		"firstperson_righthand": {
			"rotation": [-13, 110, 0],
			"translation": [3, -0.75, -0.75]
		},
		"firstperson_lefthand": {
			"rotation": [176.92, -13.93, 173.15],
			"translation": [1.75, -0.75, -3]
		},
		"ground": {
			"translation": [0.75, 0, 1]
		},
		"gui": {
			"translation": [0, -2, 0],
			"scale": [2, 2, 2]
		},
		"head": {
			"rotation": [1, 1, 1],
			"translation": [0, -2.75, 5.5],
			"scale": [3, 3, 3]
		},
		"fixed": {
			"translation": [0, -2, 7.5],
			"scale": [2, 2, 2]
		}
	},
	"groups": [
		{
			"name": "handle",
			"origin": [0, 0, 0],
			"color": 0,
			"children": [0]
		}
	]
}