{
	"credit": "Made with Blockbench",
	"parent": "pocket",
	"texture_size": [32, 32],
	"textures": {
		"1": "weapons/tesseract"
	},
	"elements": [
		{
			"from": [5.5, 0, 3.75],
			"to": [10.5, 5, 8.75],
			"faces": {
				"north": {"uv": [0, 0, 5, 5], "texture": "#1"},
				"east": {"uv": [0, 5, 5, 10], "texture": "#1"},
				"south": {"uv": [5, 0, 10, 5], "texture": "#1"},
				"west": {"uv": [5, 5, 10, 10], "texture": "#1"},
				"up": {"uv": [5, 15, 0, 10], "texture": "#1"},
				"down": {"uv": [15, 0, 10, 5], "texture": "#1"}
			}
		}
	],
	"display": {
		"thirdperson_righthand": {
			"rotation": [59.75, 77.75, 41],
			"translation": [0.5, -2, 3.75],
			"scale": [0.86523, 0.86523, 0.86523]
		},
		"thirdperson_lefthand": {
			"rotation": [67.5, 73, 38.75],
			"translation": [-0.25, -1.75, 3.25],
			"scale": [0.8, 0.8, 0.8]
		},
		"firstperson_righthand": {
			"rotation": [-72, 67, -75],
			"translation": [1.75, 1.75, -0.25]
		},
		"firstperson_lefthand": {
			"rotation": [-72, 67, -75],
			"translation": [1.75, 1.75, -0.25]
		},
		"ground": {
			"translation": [0, 8.5, 1.25],
			"scale": [1.5, 1.5, 1.5]
		},
		"gui": {
			"rotation": [45, 45, 0],
			"translation": [2.25, 5.25, 0],
			"scale": [1.75, 1.75, 1.75]
		},
		"head": {
			"translation": [0, 16.5, 4.75],
			"scale": [3, 3, 3]
		},
		"fixed": {
			"translation": [0, 10.75, 4.75],
			"scale": [2, 2, 2]
		}
	},
	"groups": [
		{
			"name": "handle",
			"origin": [0, 0, 0],
			"color": 0,
			"children": [0]
		}
	]
}